reward_trajectory_1,reward_trajectory_2,reward_trajectory_3,reward_trajectory_4,reward_trajectory_5,reward_trajectory_6,timestep,actor_loss,critic_loss
-93.35307758826251,-93.33363370693412,-92.71179269519541,-93.36443374775148,-91.99862576481452,-93.3864952707854,0,0.1968359351158142,12.677923202514648
-127.7941569355012,-127.08540309501751,-126.99942209476295,-127.38720587204892,-127.15967736777786,-127.32771118407014,400,0.6494506597518921,10.477372169494629
-100.14376826361256,-125.55316285536097,-125.64458894198948,-125.81667646669752,-125.35493507971087,-122.1276046729271,600,1.130960464477539,8.097075462341309
-114.94567004193055,-89.55452659175837,-88.74381603716772,-88.64473151271838,-81.53949714897041,-86.93527438022862,800,1.648766279220581,6.492703437805176
-98.95746141454018,-49.22410059476122,-48.954613815168806,-148.45645683364245,-48.45721808280819,-30.072908467335303,1000,2.275005340576172,4.47310733795166
-121.88202475038543,-105.72618793048167,-99.82633102611794,-116.10886288570178,-122.2190161526582,-118.6490013868784,1200,2.8508129119873047,3.0391297340393066
-105.57236346933338,-101.23504041672994,-95.21046263936115,-97.01339285808041,-94.58201519015805,-95.40809337024794,1400,3.0561654567718506,2.369518756866455
-112.56250434252682,-112.75651552642634,-113.47341370551723,-111.87666271666406,-114.57835639194663,-113.24281190820597,1600,3.0176732540130615,1.3578550815582275
-112.88540286665346,-112.90570957387774,-112.92102865776684,-112.9347064254994,-112.91965467004843,-112.97299561322326,1800,2.751713275909424,0.9229512810707092
-109.06508006524729,-109.4046657294271,-109.09522082614791,-109.07903548549612,-108.88054968663585,-109.15074768478982,2000,2.5043387413024902,0.8789159059524536
-110.29687920922973,-110.47605769834047,-110.48215139132986,-110.49405606165217,-110.31037494757462,-110.58910786310025,2200,2.2648568153381348,1.045609951019287
-115.70571828272256,-115.83241270873998,-114.65086777176278,-116.25038057701042,-115.79662608341756,-115.67959900953636,2400,2.132314682006836,1.529595136642456
-110.1024297261027,-110.00679404577178,-110.01325657372176,-110.06027090933918,-110.12695112397421,-110.05857284092593,2600,2.0629706382751465,1.7117152214050293
-108.8062101464863,-108.73874555420724,-108.7632215196779,-109.27972422109079,-109.20585473251955,-109.2574678215307,2800,2.081022024154663,1.522530198097229
-108.34308650921348,-108.3261284362177,-108.43518970978135,-108.38651618814654,-108.39171012626697,-108.72321486867716,3000,2.1792943477630615,1.3361843824386597
-115.45741845371481,-115.42508855637287,-115.38958491483223,-115.48206736933828,-115.56035886298415,-115.4086744392182,3200,2.215144634246826,1.1775262355804443
-111.22613508535558,-111.95951499756279,-110.72575026227705,-112.20303875233814,-110.87384450740015,-108.49022550987048,3400,2.3760430812835693,0.660348117351532
-114.14046410935558,-114.10490136793078,-114.15035306423965,-114.181527982831,-114.47294085381988,-114.4286925196123,3600,2.4733612537384033,0.47901394963264465
-114.0301889644855,-114.1840575551341,-113.78442168121227,-114.02235821604589,-114.18629188941978,-113.99846427795788,3800,2.5518112182617188,0.2917853593826294
-111.76849895391605,-111.21046371272105,-111.70743165392243,-111.2187892118678,-111.70737480445602,-111.69930686059661,4000,2.534233331680298,0.24432560801506042
-117.31044115046102,-119.5323748067723,-117.38065162678436,-119.00933976192462,-119.08335241897365,-117.49248328594491,4200,2.4612667560577393,0.2426435649394989
-120.09477532563048,-120.79105679971663,-120.79257177065251,-120.10751474702607,-120.79527903630645,-120.79237932828318,4400,2.376481533050537,0.27462950348854065
-113.68222489594338,-113.59912829989237,-115.05792631138947,-112.79164964521676,-114.32553584071496,-112.79755723436548,4600,2.3509039878845215,0.2951209843158722
-115.16233976470268,-120.455153269186,-115.25354687592387,-115.02385603187078,-121.22078013178364,-125.75904726542292,4800,2.39367938041687,0.32859277725219727
-108.51274271329802,-108.9264384115742,-106.87657578626896,-109.36508956387826,-106.8881891972379,-106.89057600112383,5000,2.363676071166992,0.34750422835350037
-107.82462250179984,-107.83361748785774,-107.86003435326306,-107.85827292065943,-107.967715552954,-107.8344548367594,5200,2.4431540966033936,0.342697411775589
-109.59746479132492,-109.63306962268179,-110.44914918711471,-106.1487444204269,-106.65009673990289,-106.88185934141488,5400,2.4957404136657715,0.34480416774749756
-107.67403002589926,-107.87731522893145,-121.16764305359311,-120.87412822222151,-107.67032689275189,-119.79003012272963,5600,2.6081783771514893,0.24873238801956177
-107.47134472066475,-107.51279696633675,-107.46433585295267,-107.53237833526234,-107.46522180171684,-107.62687132030538,5800,2.5689897537231445,0.20098289847373962
-108.14408580883283,-108.20364242978984,-108.13861157946599,-108.12982493111957,-108.4732954954775,-108.23236467985281,6000,2.6163527965545654,0.14824625849723816
-110.58061872316338,-110.54587786448592,-109.88611510543572,-109.7931119512484,-109.88675322791188,-109.84785988698931,6200,2.4953784942626953,0.1422801911830902
-108.30306092116656,-108.3441646493364,-108.1720278818834,-108.2662000011139,-108.34570602872141,-108.19428537774397,6400,2.5257582664489746,0.10728298127651215
-110.05553517010404,-110.27900762896456,-109.45849771864806,-110.27867598040945,-109.82992271033861,-109.78648625710716,6600,2.5013341903686523,0.13457946479320526
-111.21976220883165,-111.21505013654024,-111.25246868831417,-110.05335289471375,-112.26508339166423,-109.7715104872308,6800,2.5512359142303467,0.14904281497001648
-110.91177844520371,-113.09204393110176,-113.8469302890487,-114.05506844904087,-110.55883422336642,-114.09115460974941,7000,2.581468343734741,0.1729108691215515
-107.19408522065403,-107.47056898605467,-107.17728369229752,-107.20168880873065,-107.19522203456626,-107.19756819903152,7200,2.5921621322631836,0.16379839181900024
-111.35302715232969,-109.73451111332949,-110.95015890253708,-108.85875803051454,-109.13268818738932,-110.97199564598624,7400,2.606132984161377,0.18991771340370178
-106.49212167540053,-106.46926437706252,-106.47902106163123,-108.6076914643064,-107.82006355611918,-115.79947757397018,7600,2.626680850982666,0.16634976863861084
-108.56818520139166,-108.4556521276574,-108.19607194286546,-105.68453331782142,-108.7904511859001,-108.31344039974175,7800,2.572384834289551,0.12644445896148682
-109.10837226345173,-109.14932678012069,-109.14367460306548,-109.49589721357705,-109.14878830288335,-109.13361283847783,8000,2.5982420444488525,0.11981964111328125
-105.21109591108063,-105.24990873140206,-105.2685409219535,-105.24248624303394,-105.27230138016803,-105.24764451643607,8200,2.6192433834075928,0.07947442680597305
-37.951192319712334,-34.75655963184212,-41.66538178307503,-121.30080827604482,-34.75422297233646,-34.118003141372114,8400,2.6704204082489014,0.06394103169441223
-108.9666380423829,-108.60230601425577,-108.27229407177772,-107.81647308554275,-108.34598221547289,-108.45128776775486,8600,2.673825979232788,0.07443617284297943
-115.0895005766009,-120.2216095153292,-108.98720645354254,-109.32441785494983,-109.33313725636403,-109.39363578366115,8800,2.6907827854156494,0.08428007364273071
-116.31333235941533,-110.7289940361438,-114.69568031659256,-115.19251174029894,-119.79042961295632,-108.85170181207971,9000,2.6641857624053955,0.07336317002773285
-110.14914960859235,-87.94255349881628,-108.50438216694475,-108.47026315262805,-114.5670993233857,-110.01786845258344,9200,2.6521027088165283,0.08283808827400208
-113.58669135493165,-113.70909114252093,-113.69929540088711,-113.65931071765783,-113.65842138534164,-113.58881673503667,9400,2.662761688232422,0.0824284628033638
-101.721833447059,-104.2015803566693,-101.71438448079365,-103.15614168503842,-105.12261135858468,-102.76133866694643,9600,2.6469480991363525,0.06074637919664383
-109.20231601688762,-108.95546403717063,-108.95322951680794,-108.04610773264244,-108.96256528546475,-108.22075630981134,9800,2.708094358444214,0.0748073160648346
-110.62954579920965,-110.20063419475966,-112.0523645985021,-110.19999450925675,-110.17683375183958,-101.7797937030848,10000,2.707098960876465,0.052436623722314835
-111.09071105866941,-111.03725132080602,-91.82159540618522,-98.26936534685355,-103.6415580575207,-111.05905201906525,10200,2.7475991249084473,0.043725013732910156
27.71518103110534,-86.3257804578046,-85.0238458760075,-90.51762357366232,-86.99451476915925,-93.57307195494867,10400,2.71120285987854,0.03194154053926468
20.29557239499657,270.35556734380424,76.85669737705228,122.55101552975381,274.5518268939914,161.41891748990884,10600,2.697974681854248,0.030937165021896362
-109.00488951466232,-109.00301952298933,-108.99269962782847,-108.55456277319522,-108.3552582589017,-108.9985038191029,10800,2.7339086532592773,0.031501270830631256
-108.96659600912656,-110.79840359027264,-108.95989924568931,-108.18673105957576,-118.59484416613542,-109.10971932414765,11000,2.6416444778442383,0.025571314617991447
-107.89886735096388,-107.44292246827048,-107.84615879915685,-107.46625323230184,-107.36331789693175,-107.69643740590492,11200,2.7101762294769287,0.03165850415825844
-114.6047360297128,-109.54396769110556,-114.59586439163175,-109.55998040723055,-114.58256367651745,-115.14065116045728,11400,2.7858223915100098,0.03270941972732544
-108.89458163248204,-108.91371380936417,-108.82355583190855,-108.50651719863527,-109.63858164818026,-108.88429251842823,11600,2.7612383365631104,0.03255819156765938
-107.96166358548605,-108.14313214750806,-106.75136728635337,-106.58648168220185,-106.8441064462047,-106.69452035718908,11800,2.7834205627441406,0.022203542292118073
-108.01600397488599,-107.74192776916735,-107.88621483609205,-108.50975118984081,-108.12712537822252,-108.12376641109353,12000,2.749857187271118,0.02381836250424385
-108.68317094932559,-108.6650118506762,-108.62552822235483,-108.63699717977332,-108.66897739650184,-108.63566448337367,12200,2.772068977355957,0.03038608841598034
-107.76421466336461,-107.93267487108925,-107.82049022018724,-107.73253256031731,-107.74806603412517,-107.88520015276733,12400,2.720027208328247,0.020451392978429794
-109.1231718373752,-107.8773149405246,-107.86931997902722,-109.32701535929196,-107.86362308344555,-109.12650875235815,12600,2.7445263862609863,0.015989791601896286
-107.96909422341517,-107.79051065468292,-107.9740001168785,-107.7820416779723,-107.75579646901352,-107.77993768552156,12800,2.7925634384155273,0.019119061529636383
-109.18648301822412,-110.49986323933179,-110.49910712708036,-109.18663919512647,-109.04129219640605,-109.8432031236159,13000,2.802863597869873,0.02104061469435692
-106.99403269837549,-107.02569325294671,-107.44093243075783,-107.42448853279052,-107.3559677941644,-107.41014541509996,13200,2.8002710342407227,0.016601301729679108
-108.36204980379033,-108.24279598766643,-108.26734188881703,-108.33190700772312,-108.294599664138,-108.34745984326179,13400,2.8193864822387695,0.014734258875250816
-106.89836802904122,-106.94800986804316,-106.88863913765023,-106.98914536262117,-106.92808715812676,-106.97143880142768,13600,2.807560920715332,0.015324968844652176
-39.763188873140805,-39.913377008163096,-31.12808544806238,-40.05434751886486,-35.621158707618065,-32.50486159232725,13800,2.818314790725708,0.013449542224407196
-111.43243423131504,-115.73616397666777,-117.05613667391117,-113.44608361777601,-113.44381268711325,-111.42542464417592,14000,2.8096566200256348,0.010860876180231571
-120.69501024284523,-120.67882566861064,-120.70827025735409,-120.69189804074975,-120.69750916758055,-120.74531559874023,14200,2.8032336235046387,0.014593071304261684
-117.61000864479195,-116.52772977426461,-117.05325412997098,-112.06112891585317,-113.63685306651467,-115.84599289083388,14400,2.8464903831481934,0.010167419910430908
-117.18641458388161,-117.2644627068378,-117.1295239018295,-117.21677430293732,-114.09773467000605,-117.14549646831553,14600,2.8372011184692383,0.010408229194581509
-68.58865734167871,-57.6601201997962,-118.85187432489668,-116.53884052071099,-75.82062752997099,-68.52981456595138,14800,2.8154985904693604,0.008467554114758968
-66.32628506945935,-40.81628964073981,-49.86431396936425,-48.12667697832068,-148.26016168436462,-34.9432087475466,15000,2.8297221660614014,0.008104427717626095
-51.916782462837524,-53.002105592350986,-125.63798341031931,-122.04801342491494,-40.72111022180257,-48.167645235976615,15200,2.8089842796325684,0.010241578333079815
-110.86426883542181,-109.2852506495739,-108.14004452250828,-109.05225267547587,-109.90021211089302,-108.22156026173818,15400,2.863407850265503,0.012396318838000298
-49.11630908906656,-52.401585900244974,-113.80975428805439,-114.42980501910345,-112.95023363393265,-119.4521122393577,15600,2.825350046157837,0.006818411871790886
-106.22623788165829,-106.11739941095126,-106.1471235983291,-106.20878790582809,-106.19381906078198,-106.19055244728985,15800,2.882439613342285,0.00925236102193594
-115.01406804035543,-115.16228889522779,-59.5968291275014,-113.40279161458618,-116.46992018136274,-114.70366338847298,16000,2.873460054397583,0.009074604138731956
-109.65971369400776,-110.12837335396108,-108.25410865188266,-113.18170679721554,-113.33320302701686,-113.0608325240733,16200,2.8569414615631104,0.009200569242238998
-105.20054759718508,-104.81427234931228,-105.15372667759345,-104.90560808094405,-105.17156346230581,-105.53842593939044,16400,2.8822250366210938,0.004331645090132952
-107.255776156502,-107.48884584936003,-107.23966961440071,-107.48874964637399,-107.17609321030524,-107.47005691933737,16600,2.9280834197998047,0.008341142907738686
-107.34294485751974,-107.7194065476361,-107.22413652674109,-107.10584765742595,-107.16607266565288,-108.2042110964704,16800,2.9282619953155518,0.006251847371459007
-107.20460721282413,-108.01979812681085,-108.88487617790699,-106.86179197066588,-106.80356106454569,-108.75700032688056,17000,2.910463809967041,0.005103105679154396
-108.13526196975431,-108.22287615806987,-107.09318582815041,-107.95254434555613,-107.30306082336418,-108.02564295829654,17200,2.9133806228637695,0.004667305387556553
-112.60028595689917,-111.5899858862878,-107.86899268976832,-112.20837812671189,-112.14287193302205,-111.68699357198241,17400,2.983407497406006,0.0035325810313224792
-111.43634171318543,-111.87815251054367,-108.00968166433057,-112.29200554419262,-108.03947968903711,-111.70690166769666,17600,2.9189891815185547,0.006990907248109579
-110.54363881966037,-110.3645844099174,-109.60161237916164,-109.63447750413465,-109.608097564294,-110.53958433169251,17800,2.9364919662475586,0.003928896505385637
-107.61961633726457,-107.14103177665919,-107.0156383604117,-107.52041804533654,-107.78373681571645,-107.7070209143944,18000,2.968190908432007,0.004946892615407705
-109.22663927926139,-113.38301169408919,-115.42697960660529,-109.32802408357772,-109.45141558708747,-109.38139924152226,18200,3.0346875190734863,0.0031715244986116886
-113.44203979026216,-116.6216562103817,-110.42872975139366,-102.30370159848295,-113.33108136763082,-102.3562304367361,18400,2.9800240993499756,0.006137884687632322
-95.18200207765975,-64.39514356607194,-94.7616384290938,-34.655282180905886,-97.06281644170437,-32.00192270792689,18600,2.940904378890991,0.006992093287408352
-105.43615215054903,-112.68619132594453,-113.56371257512873,-105.4501289988178,-114.28241229287131,-113.71489114531843,18800,2.9922783374786377,0.007845843210816383
-115.53078793917891,-117.78300849066085,-116.03421426866375,-121.05171031545483,-120.4358941301331,-120.26560273178356,19000,3.0409743785858154,0.0036486764438450336
-95.26745121611499,-103.67787735408747,-95.4217886161236,-104.78118017738498,-95.43746028103462,-100.65807507576048,19200,3.00036883354187,0.005978900007903576
-106.38362682871563,-79.24904787534382,-32.876784137158495,-2.185677356770427,-100.70301217634409,-90.60978853412352,19400,3.029961585998535,0.003684740513563156
-113.83302624293324,-87.88939666921925,-191.20968570867498,-64.57311842163634,-116.95907377890723,-116.91902325600351,19600,3.0138156414031982,0.005369959399104118
-102.95900716312028,-103.11460795401503,-67.68270381168027,-83.04513892541172,-97.97927924358193,-101.03626898472476,19800,3.013038158416748,0.00242668017745018
-106.3520806315244,-86.50082688540283,-99.35904490592478,-100.52442039799128,-101.76974059869566,-79.97751753502517,20000,3.00850510597229,0.004184800200164318
-109.65425373433747,-109.61267891732868,-109.6179316585694,-109.02630248868093,-109.26218393909124,-108.60419414866467,20200,3.1173486709594727,0.003489807713776827
87.02761283097715,-27.89024584034715,-69.28510093071156,-96.92485235424755,-50.33270499445064,1.1432470029388782,20400,3.6924357414245605,0.003340254770591855
-103.0642317361806,-109.14333869707825,-72.6886633836833,-72.77164298062824,-80.34076572935362,-107.86996969564343,20600,3.7212095260620117,0.006013945210725069
-99.06638333973758,-98.60441089355574,-97.54528549606167,114.55675091348508,-93.72844634245813,-93.59222967162039,20800,3.528252124786377,0.005005838815122843
-43.8049897407641,-102.0655326615544,-97.07055665373616,-26.796609659254074,-106.48592468662125,5.507052258119316,21000,3.378918409347534,0.004281190223991871
-61.550086856337145,-75.07745264931407,102.55262618362093,-83.89087662362928,-180.73674430108693,-74.84695833757839,21200,3.297696352005005,0.0031518470495939255
-56.88450519294392,-45.07710085063529,-105.00651418564485,-55.064824053574625,-48.29477890928099,-33.980106084379386,21400,3.3947548866271973,0.0048030284233391285
-73.20492686843474,24.080545307284567,-102.30990348092863,-31.20906823490695,-51.06804618834177,-34.18315120665355,21600,3.5407979488372803,0.0019853401463478804
-13.709918320063977,-50.22984362472134,-41.7103743971825,-77.03308780344841,10.142652312895123,31.954731492784447,21800,3.5557265281677246,0.004183204844594002
-83.08682354372303,72.41814564776993,-104.85212091211525,-96.39307046671088,-104.87431101260427,-104.92276899737243,22000,3.425624370574951,0.002724703401327133
-77.54434840927271,56.3761726836712,-84.54335003484351,-82.57754837314661,-83.16727058783297,-102.9224626790369,22200,3.4750213623046875,0.0024233716540038586
-81.00911818435283,23.485853261286465,-4.368045682894547,-100.77891224139742,60.97704362171274,55.92570697902397,22400,3.36306095123291,0.0026533659547567368
-107.13810524715056,-103.33597521599087,-105.14758695794455,-106.15554905397087,-102.50479997654942,-113.20555181917928,22600,3.3848118782043457,0.0037106829695403576
-50.39539077434487,-90.86245878005649,-112.69452245471906,-79.96171451453291,-102.13679012825541,-60.101748810684,22800,3.3905632495880127,0.004076830111443996
-109.0966350765649,-89.18285122613888,-43.247686321095664,-109.13390240934969,-95.91935450882376,15.840503349042962,23000,3.5124664306640625,0.0016138555947691202
-100.39223042538227,-87.81024981631028,-97.16998820918784,-88.43337373138941,52.095688853718485,-32.19612233288851,23200,3.4948573112487793,0.0014904758427292109
105.20542999416563,-110.4779385775455,-82.55550750225473,49.618813604071704,-78.41198973986663,-12.427446958585378,23400,3.382744789123535,0.00407242588698864
-107.05821634469244,-107.0904010977517,-107.02211593126854,-106.97965593201496,-106.97877129148878,-107.01945764517528,23600,3.4231624603271484,0.003919828683137894
-105.93951202537654,-104.9298602385847,-104.43703360296786,-104.944398619875,-104.49153862518173,-102.27203536042859,23800,3.4631075859069824,0.0032163665164262056
-89.31477822376121,174.01168774031237,-103.94496168662592,6.011908858886173,-96.58772448889717,-75.0167335289127,24000,3.559065818786621,0.001733658486045897
30.872161220128447,17.264030431964656,-90.86187982555231,-98.42095678105547,-98.3197057768465,-91.05670910429163,24200,3.5355448722839355,0.0016080483328551054
-100.46863292589272,-101.66737004137566,-103.5356042193938,-99.87243596113923,-100.23878807616126,-102.78715718206205,24400,3.45086669921875,0.006062781438231468
-98.75038632323387,59.24868553878272,-103.5927760592117,-97.38989861994462,-102.53742235388177,-99.14671166715864,24600,3.5001041889190674,0.0018751728348433971
-105.09894120929562,-102.28515369615332,-99.70924750372193,-102.38203871087109,-97.95621032406218,-97.81233949458614,24800,3.50758957862854,0.002830643206834793
-90.36888708561659,-80.46049592518798,-77.59999583597234,-42.227236364999484,20.267946220803154,-64.89585212511275,25000,3.529367685317993,0.0030620074830949306
70.49617710843773,-48.03922085697827,-66.97284796348319,-84.1545257348159,75.18573428441786,-84.89359046242447,25200,3.48075008392334,0.002105988096445799
-91.73888079642117,66.42142899647178,-99.11174413495394,-96.52915381868793,29.65794150871585,-102.1106563926277,25400,3.50813627243042,0.0022020183969289064
-11.552127799418201,-54.057904811147765,-25.69363116898714,-105.47321422052508,-96.22428116040801,-106.44566610057885,25600,3.4069833755493164,0.0022149712312966585
10.268019138207592,-91.70939117235939,-85.96323222805654,-83.21142638747675,-88.45578862552637,-27.387262455796233,25800,3.4727108478546143,0.0023054538760334253
-113.65307604521715,-64.80460614910876,-89.62350855114637,-62.27625025767679,-77.48920396714124,-88.07872603836329,26000,3.5629827976226807,0.0029507381841540337
-106.60581602873866,-107.13235242608687,-76.69427821436679,-106.79977761086883,-102.55779007585471,-103.84815623067071,26200,3.555361270904541,0.002932195086032152
-93.76304461916428,-79.16129606408937,-98.50302939704957,-100.53019602963872,-101.37024266831577,-39.88626028453475,26400,3.5288915634155273,0.002900888677686453
33.52748018760434,-85.54648243501286,-79.70774245498268,-91.63961239595028,-84.92805875319367,-48.940647198538144,26600,3.550612211227417,0.002836609724909067
-23.896600353112404,-91.803951736706,-86.84829065960412,-98.18201237843775,-90.22116669660932,-97.71268671582018,26800,3.555450439453125,0.001226745080202818
-97.94205878960776,-90.0749803922673,-87.27371915483195,-94.30119104236023,-97.26661195876666,-101.65926496507785,27000,3.5526061058044434,0.0034903413616120815
-92.10418257815095,-91.52141917799584,-103.10670423616718,-91.21433842427345,-90.18675750444908,-100.28105106351816,27200,3.5704596042633057,0.0020692350808531046
-104.34487302257556,-86.86511650530468,-84.96751660234403,-53.893723401402134,-90.21078559525222,-32.13280595827747,27400,3.513552188873291,0.0022550025023519993
-99.15948462288175,-102.05814907530075,-95.11751407094312,-99.11090183236978,-98.70653744418361,-101.33491278712296,27600,3.6342809200286865,0.0017371621215716004
-96.1954702828334,-82.88849296479361,-101.10792072604347,-69.28639051557433,-107.91381319366046,-108.03547702256249,27800,3.6158463954925537,0.003662532428279519
-111.26116637535813,-103.82938069172296,-97.06421385335085,-96.56490753660103,-97.45459971377099,-87.30983139482761,28000,3.535532236099243,0.0020985612645745277
-100.49820749350334,-105.18122129212102,-107.73730840069676,-113.96185872471612,-101.28816267277983,-95.7896148661881,28200,3.555126905441284,0.003398725762963295
-94.54939883344123,-104.72234334833735,-114.02495275297358,-105.2374011972171,-105.2305194204223,-105.4684919720424,28400,3.5892443656921387,0.0030937271658331156
-107.34269647153032,-107.29661596741093,-107.30310152142744,-107.29852912719781,-107.32010086147433,-107.39684724691789,28600,3.606887102127075,0.0014954367652535439
-101.69450871517726,-101.77017533446829,-101.72553548728085,-78.9524902790547,-83.04793483155515,-87.16280289900722,28800,3.630274534225464,0.0035433690063655376
-87.48602145467606,-87.90563651397855,-20.77766537545682,-85.63141391576308,-91.68927138258776,-92.5973643939125,29000,3.590703010559082,0.002432356122881174
-97.04907607765861,-94.90746013580822,-95.20560385886145,-93.34692800832272,-92.9239577584664,-93.52911283630739,29200,3.5308542251586914,0.0035697605926543474
-104.40657589590829,-104.14419201325974,-104.35338387642801,-104.30409076395725,-104.20380284805681,-104.41326134222125,29400,3.649364948272705,0.0027473231311887503
-103.02395963259708,-96.90026602686135,-108.09304352677054,-104.37308115817886,-103.71824413866798,-103.78790428399815,29600,3.644932508468628,0.0030717840418219566
-99.4153524967075,-78.35352317885601,-62.00020525329313,-86.07994716618316,-92.42712792548289,-95.85165842195926,29800,3.560938835144043,0.0018806902226060629
-105.73016015118034,-106.20070552839866,-105.58469150382622,-105.19292054396635,-110.12452818860183,-104.40348452553711,30000,3.5857510566711426,0.0009318445809185505
-99.26896323813382,-101.28417763941331,-102.41184374208065,-103.25650022815292,-102.9492718986456,-103.3938942249516,30200,3.618539333343506,0.002250183839350939
-103.23262110052195,-106.74433670147178,-107.43345610492925,-104.23287377870689,-107.108854112038,-107.13182660638502,30400,3.553811550140381,0.0009213237790390849
-102.78871549960179,-104.64571671474057,-106.16696707793511,-104.62832870657657,-106.01700401432859,-105.85865646940641,30600,3.6222996711730957,0.0009832850191742182
-82.97392553096388,-88.98834328621905,-80.13117367493828,-97.99837402419932,-95.85932334978382,-88.8334615496896,30800,3.619720935821533,0.0011894127819687128
-79.21222313957118,-70.68974326152743,-94.2652911497873,-79.6010664181957,-77.62842779350373,-87.94064610077007,31000,3.6287994384765625,0.0022025895304977894
-87.00170887274234,-90.02752494160148,-93.83558093876668,-96.57243200417531,-87.2792923029214,-95.53317491236422,31200,3.5895018577575684,0.0014448887668550014
-89.34085169348339,-75.48348052877031,-61.93836080236331,-40.93811717144553,-85.79863635297578,-44.79776082148605,31400,3.603135585784912,0.0028629484586417675
-75.13035586087624,-85.55416324024182,-72.63239169898691,-62.920847352208334,-99.01880586623602,-60.84433206269484,31600,3.6902291774749756,0.0033660773187875748
-79.80998045197718,-51.945363191590026,-78.44251306507596,-92.8289354850584,-39.67776558244338,-77.14694051465375,31800,3.6445727348327637,0.0029555372893810272
-70.1725457358171,-4.493342127038474,-78.44678232243842,-77.030495242238,-59.2564260281815,-13.052327171255328,32000,3.718916893005371,0.0009181575151160359
289.4559057242857,97.72829704616021,-46.76572575867699,-45.153689530704355,-35.40398954207562,-6.020814521769566,32200,3.61953067779541,0.002248489996418357
-83.78299955037515,-28.391420953206605,12.151012210497697,57.73296521331025,-89.35729069155096,-52.02202505616209,32400,3.5460331439971924,0.0011457132641226053
-45.84011405405715,-53.63286666436427,-23.640474626616637,-62.90276414500846,-82.83703440511817,-23.013714257339203,32600,3.7582757472991943,0.0015494797844439745
-44.83885081387135,-29.753600660892204,-70.950000161038,11.233984955611533,-29.837365529404693,12.822370503748246,32800,3.6479508876800537,0.0011432301253080368
-7.983727006155533,-55.412393774631425,9.27233145062587,37.74429067577637,288.9553837164335,-56.18704219708531,33000,3.6833250522613525,0.0014763465151190758
-12.393239492007154,-81.40076534972029,-91.28901635683297,-76.4039695594019,-74.45924924532596,-85.16054156569827,33200,3.7238998413085938,0.0024173627607524395
-51.272915005202506,-79.89761656939703,-50.22240998438254,37.53789370632097,-44.33840856334816,-47.410044931690244,33400,3.684288263320923,0.0019097356125712395
-61.29776086746377,-64.67125071571395,-72.41752437352234,-67.96208271950918,-87.2554529933765,-47.199436672684605,33600,3.6716079711914062,0.00176697364076972
-83.44561359080517,-87.78895728285052,-43.4358319028931,-91.12339036021723,-80.86469798724829,-58.66353208272938,33800,3.7494633197784424,0.0025439257733523846
-82.33670232925782,-19.341129670217256,-62.01711207181418,-50.98423663731235,-68.92327231271099,-101.9806996518604,34000,3.6606743335723877,0.002163632307201624
25.573384146313813,-53.08148637146667,-51.57392595640362,-31.287033795770398,-71.36357255158893,-57.64669235361478,34200,3.7916221618652344,0.0022462401539087296
-40.74951204015723,-84.30266820142293,-89.68939788066814,-70.78589700976076,16.335740412897778,20.15635415379049,34400,3.757864236831665,0.0036372998729348183
-74.70883909521191,-62.95661873518452,-76.65328004821608,-75.28790825547169,-74.36368571274991,-94.09630553806872,34600,3.6614630222320557,0.0012399947736412287
-65.20514954426525,-23.377696151961345,-76.74928602181919,-55.83170169989174,52.708265454732725,-81.28390818224676,34800,3.648607015609741,0.0023541804403066635
24.348335100200416,0.07135298301258786,-43.26178912436672,-51.85194281064007,-52.43949224284328,6.428647471687881,35000,3.776780366897583,0.002940407022833824
-58.744456393128964,15.282962376778045,-67.82490235110862,-61.759358802548455,31.378800686750594,-33.69473821968285,35200,3.751502513885498,0.0019247557502239943
-61.7767910211437,-0.7940236189103018,-46.606093691338465,11.249856185599498,-88.28876348895207,-62.03999482890155,35400,3.8212573528289795,0.0016622872790321708
-61.54810358711502,-90.74596387880358,-75.78581322404199,-58.03055772900583,-30.123009442128165,-70.36562767666669,35600,3.67687726020813,0.002329478971660137
-68.37140479463821,-52.14898104735673,-52.002569517469446,-88.26039695406426,-68.56494433168943,-91.03779194356967,35800,3.7253758907318115,0.0024328227154910564
-72.96736724034872,-53.79216597605465,-92.93972970810533,-92.61674935736997,-92.65621329463211,-55.89812858453812,36000,3.707690715789795,0.0029945566784590483
-76.2142462691958,-81.49545538926249,-46.647298369538184,-81.86611236550355,-84.49362893821575,-51.114028604228416,36200,3.798788070678711,0.0018758707446977496
-62.12513074768203,-72.47928819493886,-67.50170717737142,-66.21499079667743,-26.98249785350805,-70.77973170166322,36400,3.7529962062835693,0.0023245124612003565
-51.57235139206943,-36.422204347099296,-73.1581613697353,-78.96104587780576,-69.61558810625034,-66.04933796382214,36600,3.9079766273498535,0.0021051110234111547
-30.056503424592677,-74.73238693716036,-41.963151918566254,-35.49345221848853,-43.03403179880137,-34.31092459468728,36800,3.7861263751983643,0.0012758742086589336
-55.7798521471191,-97.81353872363425,-98.33903019504808,-97.57637484756066,-97.87046368088511,-53.59291365917958,37000,3.8634493350982666,0.0012582268100231886
-102.61656377960773,-103.0984359669943,-102.95572464301623,-52.365913082683704,-102.91883683780006,-102.64148460436154,37200,3.72824764251709,0.002841382985934615
-103.82573373992028,-105.51092996747637,-108.70815597353108,-106.26311376131699,-107.84598319305107,-105.43629842172719,37400,3.7423949241638184,0.0013651903718709946
-104.98735365224962,-105.04210578811727,-105.05362062392928,-105.06433291860452,-105.29679094100122,-105.07966091503886,37600,3.6866469383239746,0.0016464649233967066
-105.68168279597101,-105.64257180888299,-105.52604916638198,-105.65795151438098,-105.67959977304089,-105.6255398925757,37800,3.7462260723114014,0.002500907052308321
-105.08184351531602,-107.5089445036833,-106.78313070966237,-106.26461595794379,-118.82670925765818,-105.14190237495676,38000,3.7766454219818115,0.002086484804749489
-88.52009861668067,-85.10780104332946,-82.29417762758175,-94.27737813988158,-88.79719906896939,-89.98338419901036,38200,3.847722291946411,0.0016200030222535133
-105.24148588013757,-105.39571517226287,-98.27897779561704,-101.978624918931,-98.35148866013499,-103.36543868312927,38400,3.839803457260132,0.0026017362251877785
-89.49106180610974,-98.03758254076169,-27.946749344257,-74.56837225444211,-86.75688502061631,-78.48114924624934,38600,3.836780071258545,0.001179825863800943
-67.9233058677027,-39.422753850316845,-85.8228665114711,-53.331017577157176,-87.03531862950697,-69.88550286270315,38800,3.7486157417297363,0.0017383683007210493
-99.52212148051193,-99.49138757269247,-100.8133940738961,-101.49661586128052,-103.5120198121826,-99.16259022745066,39000,3.8384275436401367,0.0019672054331749678
-56.90812088841451,-34.07763260420711,-63.09557299548265,-71.92679792771233,-104.51645082635102,-95.2990373169055,39200,3.817725419998169,0.001911934930831194
-101.70469785574063,-101.71489465406103,-91.59673693662944,-101.82488288560742,-100.6156687746554,-100.40749315619779,39400,3.8170320987701416,0.0018356896471232176
-97.0926569527504,-97.79905608034382,-97.7173038540467,-97.81396577056249,-98.00274335239759,-97.83730990471327,39600,3.818829298019409,0.0020401645451784134
-94.0179209092966,-75.13245688078956,-77.42419310889265,-97.26428866806316,-97.67384513836261,-92.93890896577295,39800,3.8654162883758545,0.0016208586748689413
-59.25119243660566,-37.023229721223814,-70.24633500757004,-50.3896944727522,-63.72674345119301,-27.990054038690644,40000,3.9226808547973633,0.002003210363909602
-102.6542965498514,-97.15919764956026,-101.94965300384412,-103.64177095678045,-103.79111081114628,-85.61797529442003,40200,3.7374889850616455,2.2351982593536377
-98.77458024924684,-97.16931402379181,-93.64654878849909,-94.31131399892085,-93.83480976651981,-97.54453333207205,40400,4.060751914978027,1.112064242362976
-69.32909701358263,-73.67057469590893,-88.70469506471464,-58.27230267670548,-56.78786815337402,-23.073342619053477,40600,3.8496978282928467,0.7786303758621216
-93.28320978702565,-93.33245078090579,-98.0977345051102,-98.43667086572076,-97.55290125176234,-92.10932808385665,40800,3.8252007961273193,0.7362574338912964
-98.88172826078254,-98.64604186748248,-98.56550022013236,-98.18916846628176,-99.37815456773154,-101.03491633008792,41000,3.868633985519409,0.6689662933349609
-83.88471210466449,-43.721212103792176,-105.05255952484991,-81.96968853958384,-58.23168390888686,-98.58231712995516,41200,3.985224723815918,0.42461663484573364
-101.85381005855828,-106.12843135055364,-87.56369273677345,-88.19570621354411,-97.924721773056,-95.65686520709548,41400,3.9315154552459717,0.22572976350784302
-99.06585608335337,-87.04890634061776,-87.72829183974241,-95.90053899174774,-98.11303401739336,-96.19846526457074,41600,3.9345574378967285,0.3197324275970459
-74.6277578436721,-84.68524317773262,-85.81939646469988,-9.792884665000187,-70.68439672301893,-89.38659854748721,41800,3.9600372314453125,0.1928982436656952
-54.262997014746986,-93.49152060176152,-76.36853894165019,-90.81180276618691,-55.29650695794272,-19.57196345631958,42000,4.040188312530518,0.3623323440551758
-93.26297300530659,-63.2305535739564,-77.83215279422195,-63.83690931555939,-93.21933556510447,-26.099092207049125,42200,3.9451959133148193,0.3195061981678009
-0.5784927754939275,-45.28405523166897,-72.86857635029111,-33.889778497398524,-58.62610957429742,-61.13084047220023,42400,3.980703592300415,0.2999396324157715
-80.61872898034467,-73.65399395581304,-88.36651440716473,-91.62282281114638,-89.98058031472999,-85.6054122416495,42600,3.883334159851074,0.25074541568756104
-79.4841953847933,30.711467482916163,-71.49840825327533,-38.42972709003414,-9.200781841714345,-104.32918736278887,42800,3.917459011077881,0.20939654111862183
-67.34659840226018,-99.90658945602527,-99.98415213820832,-98.84709520001516,-99.8679261391554,-102.45012495058394,43000,3.9301669597625732,0.191026508808136
-103.94420417466131,-103.8131606771325,-97.91422205185312,-99.92166142066444,-96.4228676746986,-101.01602895780839,43200,3.890148639678955,0.19880884885787964
-80.48453103050784,-75.8053069909364,-84.23319878935884,-101.21515101817724,-68.23476709001153,-91.92082436490148,43400,3.82236909866333,0.1375088095664978
-88.01845748996206,-30.57112447627682,-80.19524299613262,-94.36961453862449,-107.01569871570652,-88.78475252598773,43600,3.9502193927764893,0.1362072229385376
-73.7516359743797,-105.2539981256309,-104.96518904337536,-105.23911848184777,-72.85532913193605,-44.03801298990785,43800,4.028537273406982,0.08289413154125214
-64.05827310864007,-86.27514506049174,-103.454986690129,-102.2596261264921,-80.26569448415191,-102.21102375726946,44000,4.006190776824951,0.11336007714271545
-58.15733125568771,-31.267809877222405,-63.59543858293025,-40.60160556721334,-88.27287258659754,-67.29778091152849,44200,3.9420619010925293,0.07149526476860046
-72.01618135301791,-52.48352548604569,-51.99017982418262,56.668731481587145,-74.93279012415637,-60.48947504612802,44400,4.0081939697265625,0.07870630919933319
-60.773271210079855,-63.800635693135426,-51.49051988833412,26.265247670038377,-67.63839670505872,-60.10637583549229,44600,3.9170825481414795,0.11589875817298889
-72.38434646007853,18.15198681545411,-81.9729082893096,-92.48412416543097,16.453791288111333,-88.39539552834863,44800,4.010552883148193,0.09256891906261444
-101.86656470366101,-101.21214077263652,-102.16297679667136,-106.12799637898895,-79.90721171201727,-102.03436247730116,45000,3.888951539993286,0.09341622143983841
-47.54044979132195,-72.76480840249886,-69.1374503391784,-60.555769695029305,-66.71060701337115,-0.7472939220151176,45200,4.039165496826172,0.09788745641708374
-90.77863107362305,-12.884092706108277,-78.79357435751706,-90.56578232329603,-68.38706078907164,-71.96312311438007,45400,4.0250349044799805,0.08714116364717484
-58.406675755901546,-82.20850818909386,-92.18687516958988,-69.95814741354036,-31.832033338990584,-47.69157066339302,45600,4.05030632019043,0.08520081639289856
-89.75016586872081,-73.0372835775627,-91.21216842364629,-88.86903962896035,-64.10257505972791,-89.12096959761607,45800,3.9606881141662598,0.08744528889656067
-102.72479294321023,-82.32759293553963,-102.60414526000868,-78.30982490441761,-101.15322515645343,-76.86864120419743,46000,4.085743427276611,0.07335580885410309
-99.20676885643911,-65.66298688317134,-99.68665613803608,-51.553908503361946,-99.21653969531398,-95.5137923990585,46200,4.013818740844727,0.0634898990392685
-83.16797737308025,-61.678335700313845,-36.03417474368416,-30.1786145668722,-40.24673181917801,-77.8461182956826,46400,3.9591033458709717,0.053275927901268005
-110.32816591048271,-100.07767022869525,-109.08627892235046,-101.19382316507694,-100.95834944870633,-88.74309015650178,46600,4.033624649047852,0.07407478988170624
-96.2614049324162,-95.94158270548408,-97.97215988634419,-96.19592767018639,-97.89334473704827,-97.3361273668351,46800,4.043675422668457,0.053292907774448395
-88.49049192445624,-112.3725544048223,-88.40125938496425,-99.83110587195381,-93.63668154612044,-88.43729348426848,47000,4.004122257232666,0.04462198168039322
-96.04272360051027,-80.45128248561484,-95.78222733608455,-96.04124039942553,-96.18090081218638,-79.13494546671865,47200,4.013810157775879,0.041549187153577805
-85.1307478890682,-100.8764969590654,-69.409914894581,-101.7645497368017,-97.57953127990193,-72.52730506153034,47400,4.062986850738525,0.047340407967567444
-81.27354286694339,-15.347768244667165,-78.47153403249207,-94.57896438631292,-86.47478140274788,-61.19978699826847,47600,4.035312175750732,0.04970065504312515
-103.66654588528287,-21.421100055988617,-80.71965306785594,-89.08700670776656,-91.99157898358939,-48.63641217129733,47800,3.9992551803588867,0.04905823618173599
-74.56370360780748,-11.053090976056467,-20.648996470492662,-68.83694500150625,-62.53876637226591,-47.14066450225271,48000,4.089839458465576,0.04886362701654434
-69.20939164480039,-60.69106890581921,-76.36765430205782,-46.3339130775032,-93.8704893033153,-98.50895357929465,48200,4.013478755950928,0.03750696778297424
-94.00272810909081,-95.18550304353269,-94.07881189300493,-95.44646852028788,-94.94170682039857,-95.26109511794445,48400,4.074742794036865,0.04997969791293144
-86.67679512349206,-88.2932281400524,-17.073557880954695,-87.32383123236166,-97.13013534856557,-73.60036577146377,48600,4.084072589874268,0.05266181007027626
-85.03966410300924,-82.29089699955503,-95.7792337786009,-79.27521734866252,-94.22280809089169,-95.8755023037456,48800,4.050163269042969,0.031552884727716446
76.55720135797861,-100.43257731994427,-99.38412861438988,-100.43429155704581,-99.39515241984107,-100.06788635264445,49000,4.063893795013428,0.03248768299818039
-97.65375897840627,-98.57454010843516,-57.94658358827311,-41.70034509552935,-40.533219365708476,-94.36237801350745,49200,4.148797035217285,0.03395090624690056
-97.82420995845025,-97.73409986049107,-99.1029948770729,-99.85554393018224,-99.5210496032027,-94.87386433456746,49400,4.0608439445495605,0.02905409038066864
-93.0675649843455,-78.15791574017828,-92.81946299167039,-100.52503634530616,-94.26761102335202,-100.64967930200882,49600,4.217265605926514,0.03750701993703842
-50.31827177687453,-80.12598986475138,-76.83817730250155,-76.47317762190025,-62.59519891435745,-44.684126219767855,49800,4.1112775802612305,0.045989274978637695
-66.3134175373701,-89.0520141920781,-67.07042939880256,-91.7713562085894,-87.83503134718165,12.818561056358504,50000,4.113097667694092,0.05770890414714813
-82.22737842223358,-62.02859417067277,-65.47823843685882,-91.6907277321207,-67.45835961944486,-85.89775865741089,50000,4.056831359863281,0.044059526175260544
